dane_code,neighbor_dane_code
5001,5036
5001,5088
5001,5212
5001,5240
5001,5266
5001,5318
5001,5347
5001,5360
5001,5380
5001,5607
5001,5615
5001,5656
5002,5376
5002,5400
5002,5467
5002,5679
5002,5756
5002,17013
5004,5042
5004,5125
5004,5138
5004,5284
5004,5306
5004,5847
5021,5206
5021,5321
5021,5541
5021,5667
5021,5670
5021,5690
5030,5036
5030,5129
5030,5282
5030,5809
5030,5861
5031,5040
5031,5310
5031,5315
5031,5604
5031,5736
5031,5858
5031,5885
5031,5890
5031,5895
5034,5091
5034,5353
5034,5364
5034,5368
5034,5576
5034,27073
5034,27245
5034,66456
5036,5001
5036,5030
5036,5059
5036,5129
5036,5347
5036,5380
5036,5809
5038,5134
5038,5150
5038,5315
5038,5686
5038,5887
5040,5031
5040,5120
5040,5134
5040,5315
5040,5790
5040,5854
5040,5887
5040,5895
5042,5004
5042,5044
5042,5113
5042,5125
5042,5240
5042,5306
5042,5411
5042,5501
5042,5761
5044,5042
5044,5059
5044,5093
5044,5125
5044,5240
5044,5847
5045,5147
5045,5837
5045,23807
5045,23855
5051,5490
5051,5659
5051,5665
5051,5837
5051,23001
5051,23090
5051,23419
5055,5483
5055,5756
5055,17662
5059,5036
5059,5044
5059,5093
5059,5209
5059,5240
5059,5347
5059,5809
5079,5206
5079,5237
5079,5308
5079,5674
5079,5690
5086,5264
5086,5411
5086,5501
5086,5656
5086,5658
5086,5664
5086,5686
5086,5761
5088,5001
5088,5212
5088,5656
5088,5664
5091,5034
5091,5101
5091,5353
5091,27245
5093,5044
5093,5059
5093,5209
5093,5642
5093,5847
5101,5091
5101,5353
5101,5576
5101,5642
5101,27245
5107,5361
5107,5819
5107,5854
5107,5887
5113,5042
5113,5138
5113,5306
5113,5411
5113,5543
5113,5628
5120,5040
5120,5154
5120,5790
5120,5895
5120,23466
5125,5004
5125,5042
5125,5044
5125,5847
5129,5030
5129,5036
5129,5282
5129,5380
5129,5607
5129,5631
5129,5679
5134,5038
5134,5040
5134,5887
5138,5004
5138,5113
5138,5284
5138,5306
5138,5543
5138,5842
5142,5425
5142,5579
5142,5585
5142,5649
5142,5670
5145,5789
5145,5856
5145,17013
5145,17442
5145,17513
5145,17614
5145,17777
5147,5045
5147,5172
5147,5837
5147,23807
5148,5197
5148,5376
5148,5400
5148,5440
5148,5615
5148,5697
5148,5756
5150,5038
5150,5310
5150,5315
5150,5686
5154,5120
5154,5250
5154,5495
5154,5895
5154,23068
5172,5147
5172,5480
5172,5837
5172,23807
5190,5690
5190,5890
5197,5148
5197,5313
5197,5652
5197,5660
5197,5697
5197,5756
5206,5021
5206,5079
5206,5541
5206,5674
5206,5690
5209,5059
5209,5093
5209,5642
5209,5809
5209,5861
5212,5001
5212,5088
5212,5308
5212,5318
5212,5664
5234,5284
5234,5361
5234,5475
5234,5480
5234,5543
5234,5842
5237,5079
5237,5308
5237,5664
5237,5686
5237,5690
5240,5001
5240,5042
5240,5044
5240,5059
5240,5347
5240,5656
5240,5761
5250,5154
5250,5495
5250,5736
5250,5895
5250,13688
5264,5086
5264,5664
5264,5686
5266,5001
5266,5360
5266,5607
5266,5631
5282,5030
5282,5129
5282,5368
5282,5679
5282,5792
5282,5861
5284,5004
5284,5138
5284,5234
5284,5475
5284,5842
5284,5847
5284,5873
5306,5004
5306,5042
5306,5113
5306,5138
5308,5079
5308,5212
5308,5237
5308,5318
5308,5664
5308,5674
5310,5031
5310,5150
5310,5315
5310,5686
5310,5890
5313,5197
5313,5321
5313,5541
5313,5649
5313,5660
5313,5667
5313,5697
5315,5031
5315,5038
5315,5040
5315,5150
5315,5310
5318,5001
5318,5212
5318,5308
5318,5615
5318,5674
5321,5021
5321,5313
5321,5541
5321,5667
5347,5001
5347,5036
5347,5059
5347,5240
5353,5034
5353,5091
5353,5101
5353,5576
5360,5001
5360,5266
5360,5380
5360,5631
5361,5107
5361,5234
5361,5480
5361,5543
5361,5628
5361,5790
5361,5819
5361,5854
5361,23466
5361,23580
5361,23807
5364,5034
5364,5368
5364,5789
5364,17614
5364,66456
5368,5034
5368,5282
5368,5364
5368,5576
5368,5789
5368,5792
5376,5002
5376,5148
5376,5400
5376,5467
5376,5607
5376,5615
5380,5001
5380,5036
5380,5129
5380,5360
5380,5631
5400,5002
5400,5148
5400,5376
5400,5756
5411,5042
5411,5086
5411,5113
5411,5501
5411,5628
5411,5647
5411,5658
5425,5142
5425,5579
5425,5670
5425,5890
5440,5148
5440,5541
5440,5615
5440,5674
5440,5697
5467,5002
5467,5376
5467,5607
5467,5679
5475,5234
5475,5284
5475,5873
5480,5172
5480,5234
5480,5361
5480,5837
5480,23807
5483,5055
5483,5756
5483,17541
5483,17662
5490,5051
5490,5659
5490,5837
5495,5154
5495,5250
5495,23068
5501,5042
5501,5086
5501,5411
5501,5761
5541,5021
5541,5206
5541,5313
5541,5321
5541,5440
5541,5674
5541,5697
5543,5113
5543,5138
5543,5234
5543,5361
5543,5628
5543,5842
5576,5034
5576,5101
5576,5353
5576,5368
5576,5642
5576,5792
5579,5142
5579,5425
5579,5585
5579,5604
5579,5890
5579,5893
5579,68101
5579,68190
5585,5142
5585,5579
5585,5591
5585,5649
5585,5660
5585,15572
5591,5585
5591,5652
5591,5660
5591,5756
5591,15572
5604,5031
5604,5579
5604,5736
5604,5858
5604,5885
5604,5890
5604,5893
5604,13670
5607,5001
5607,5129
5607,5266
5607,5376
5607,5467
5607,5615
5607,5631
5607,5679
5615,5001
5615,5148
5615,5318
5615,5376
5615,5440
5615,5607
5615,5674
5628,5113
5628,5361
5628,5411
5628,5543
5628,5647
5628,5819
5631,5129
5631,5266
5631,5360
5631,5380
5631,5607
5642,5093
5642,5101
5642,5209
5642,5576
5642,5792
5642,5847
5642,5861
5642,27245
5647,5411
5647,5628
5647,5658
5647,5686
5647,5819
5647,5887
5649,5142
5649,5313
5649,5585
5649,5660
5649,5667
5649,5670
5652,5197
5652,5591
5652,5660
5652,5756
5656,5001
5656,5086
5656,5088
5656,5240
5656,5664
5656,5761
5658,5086
5658,5411
5658,5647
5658,5686
5659,5051
5659,5490
5660,5197
5660,5313
5660,5585
5660,5591
5660,5649
5660,5652
5664,5086
5664,5088
5664,5212
5664,5237
5664,5264
5664,5308
5664,5656
5665,5051
5665,5837
5665,23001
5665,23855
5667,5021
5667,5313
5667,5321
5667,5649
5667,5670
5670,5021
5670,5142
5670,5425
5670,5649
5670,5667
5670,5690
5670,5890
5674,5079
5674,5206
5674,5308
5674,5318
5674,5440
5674,5541
5674,5615
5679,5002
5679,5129
5679,5282
5679,5467
5679,5607
5686,5038
5686,5086
5686,5150
5686,5237
5686,5264
5686,5310
5686,5647
5686,5658
5686,5887
5686,5890
5690,5021
5690,5079
5690,5190
5690,5206
5690,5237
5690,5670
5690,5890
5697,5148
5697,5197
5697,5313
5697,5440
5697,5541
5736,5031
5736,5250
5736,5604
5736,5895
5736,13670
5736,13688
5756,5002
5756,5055
5756,5148
5756,5197
5756,5400
5756,5483
5756,5591
5756,5652
5756,17013
5756,17380
5761,5042
5761,5086
5761,5240
5761,5501
5761,5656
5789,5145
5789,5364
5789,5368
5789,5856
5789,17614
5790,5040
5790,5120
5790,5361
5790,5854
5790,23466
5790,23580
5792,5282
5792,5368
5792,5576
5792,5642
5792,5861
5809,5030
5809,5036
5809,5059
5809,5209
5809,5861
5819,5107
5819,5361
5819,5628
5819,5647
5837,5045
5837,5051
5837,5147
5837,5172
5837,5480
5837,5490
5837,5665
5837,23855
5837,27615
5837,27800
5842,5138
5842,5234
5842,5284
5842,5543
5847,5004
5847,5044
5847,5093
5847,5125
5847,5284
5847,5642
5847,5873
5847,27001
5847,27245
5854,5040
5854,5107
5854,5361
5854,5790
5854,5887
5856,5145
5856,5789
5856,17013
5858,5031
5858,5604
5858,5885
5861,5030
5861,5209
5861,5282
5861,5642
5861,5792
5861,5809
5873,5284
5873,5475
5873,5847
5873,27001
5873,27099
5885,5031
5885,5604
5885,5858
5885,5890
5887,5038
5887,5040
5887,5107
5887,5134
5887,5647
5887,5686
5887,5854
5890,5031
5890,5190
5890,5310
5890,5425
5890,5579
5890,5604
5890,5670
5890,5686
5890,5690
5890,5885
5893,5579
5893,5604
5893,68081
5893,68190
5893,68573
5893,68575
5895,5031
5895,5040
5895,5120
5895,5154
5895,5250
5895,5736
8001,8296
8001,8573
8001,8758
8001,8832
8078,8296
8078,8372
8078,8433
8078,8558
8078,8638
8078,8832
8078,8849
8137,8141
8137,8436
8137,8560
8137,8675
8137,8770
8137,47161
8137,47258
8137,47675
8141,8137
8141,8436
8141,8560
8141,8638
8296,8001
8296,8078
8296,8433
8296,8758
8296,8832
8372,8078
8372,8549
8372,8832
8372,8849
8421,8549
8421,8606
8421,8638
8421,13673
8433,8078
8433,8296
8433,8558
8433,8634
8433,8758
8436,8137
8436,8141
8436,8606
8436,8638
8436,8675
8520,8560
8520,8685
8520,47605
8549,8372
8549,8421
8549,8638
8549,8849
8549,13673
8558,8078
8558,8433
8558,8560
8558,8634
8558,8685
8560,8137
8560,8141
8560,8520
8560,8558
8560,8638
8560,8685
8560,47605
8560,47675
8573,8001
8573,8832
8606,8421
8606,8436
8606,8638
8606,13647
8606,13673
8606,13760
8606,13873
8634,8433
8634,8558
8634,8685
8638,8078
8638,8141
8638,8421
8638,8436
8638,8549
8638,8560
8638,8606
8638,8849
8675,8137
8675,8436
8675,8770
8675,13140
8685,8520
8685,8558
8685,8560
8685,8634
8758,8001
8758,8296
8758,8433
8770,8137
8770,8675
8770,13140
8770,47161
8832,8001
8832,8078
8832,8296
8832,8372
8832,8573
8849,8078
8849,8372
8849,8549
8849,8638
11001,25053
11001,25120
11001,25175
11001,25178
11001,25181
11001,25214
11001,25286
11001,25339
11001,25377
11001,25473
11001,25535
11001,25649
11001,25754
11001,25758
11001,25841
11001,25845
11001,41206
11001,50223
11001,50318
11001,50370
13001,13673
13001,13683
13001,13836
13001,13838
13001,70713
13006,13549
13006,70265
13006,70429
13006,70771
13052,13433
13052,13442
13052,13647
13052,13836
13052,13838
13052,70713
13074,13549
13074,13667
13140,8675
13140,8770
13140,13248
13140,13433
13140,13657
13140,13760
13140,47161
13140,47541
13212,13244
13212,13894
13212,47555
13212,70110
13212,70508
13212,70717
13244,13212
13244,13894
13244,70230
13244,70508
13244,70713
13248,13140
13248,13657
13248,47541
13248,47798
13433,13052
13433,13140
13433,13442
13433,13647
13433,13657
13433,13760
13440,13549
13440,13650
13440,47245
13440,47318
13442,13052
13442,13433
13442,13657
13442,70713
13468,13549
13468,13650
13468,13780
13468,47692
13468,47703
13468,47707
13473,13600
13473,13688
13473,13744
13473,20295
13473,68575
13549,13006
13549,13074
13549,13440
13549,13468
13549,13650
13600,13473
13600,13667
13600,20295
13600,20383
13647,8606
13647,13052
13647,13433
13647,13760
13647,13836
13647,13873
13650,13440
13650,13468
13650,13549
13650,47318
13650,47692
13657,13140
13657,13248
13657,13433
13657,13442
13657,13894
13657,47798
13667,13074
13667,13600
13670,5604
13670,5736
13670,13688
13670,13744
13670,68575
13673,8421
13673,8549
13673,8606
13673,13001
13683,13001
13683,13836
13683,13873
13688,5250
13688,5736
13688,13473
13688,13670
13688,13744
13744,13473
13744,13670
13744,13688
13744,68575
13760,8606
13760,13140
13760,13433
13760,13647
13780,13468
13780,47707
13836,13001
13836,13052
13836,13647
13836,13683
13836,13838
13836,13873
13838,13001
13838,13052
13838,13836
13873,8606
13873,13647
13873,13683
13873,13836
13894,13212
13894,13244
13894,13657
13894,47555
13894,47798
15001,15104
15001,15187
15001,15204
15001,15224
15001,15476
15001,15500
15001,15646
15001,15762
15001,15764
15001,15861
15022,15299
15022,15322
15022,15325
15022,15761
15022,15778
15047,15226
15047,15377
15047,15464
15047,15514
15047,15518
15047,15660
15047,15759
15047,15822
15047,15897
15047,85015
15051,15204
15051,15232
15051,15293
15051,15407
15051,15469
15051,15476
15051,68298
15087,15092
15087,15162
15087,15537
15087,15839
15087,68264
15090,15455
15090,15514
15090,15660
15090,15897
15092,15087
15092,15114
15092,15162
15092,15215
15092,15276
15092,15537
15092,15790
15097,15403
15097,15673
15097,15753
15097,15774
15097,15810
15097,68147
15097,68425
15104,15001
15104,15367
15104,15494
15104,15599
15104,15764
15104,15861
15106,15131
15106,15176
15106,15531
15106,15632
15106,15832
15109,15131
15109,15212
15109,15442
15109,25154
15109,25745
15114,15092
15114,15215
15114,15276
15114,15790
15131,15106
15131,15109
15131,15176
15131,15442
15131,15531
15131,25745
15135,15299
15135,15425
15135,15455
15135,15514
15135,15667
15135,15690
15135,85300
15162,15087
15162,15092
15162,15276
15162,15693
15162,68264
15172,15299
15172,15455
15172,15511
15172,15599
15172,15804
15172,15842
15172,15897
15176,15106
15176,15131
15176,15632
15176,15676
15176,15808
15176,25745
15180,15223
15180,15248
15180,15332
15180,68152
15180,68207
15180,68425
15183,15244
15183,15368
15183,15403
15183,15550
15183,15755
15183,85136
15183,85315
15183,85400
15185,15664
15185,15686
15185,15816
15185,68298
15185,68770
15187,15001
15187,15500
15187,15740
15187,15764
15187,15814
15187,15837
15189,15599
15189,15621
15189,15879
15204,15001
15204,15051
15204,15476
15204,15500
15204,15763
15204,15837
15204,68298
15212,15109
15212,15442
15212,15480
15212,25154
15212,25518
15212,25653
15215,15092
15215,15114
15215,15276
15215,15296
15215,15491
15215,15790
15215,15820
15218,15810
15218,68147
15218,68468
15218,68502
15218,68684
15223,15180
15223,15332
15223,54174
15223,54820
15223,68207
15223,81736
15224,15001
15224,15646
15224,15762
15226,15047
15226,15362
15226,15542
15226,15759
15226,15822
15232,15051
15232,15407
15232,15476
15232,15638
15232,15762
15236,15325
15236,15425
15236,15690
15236,15761
15236,25293
15236,25839
15238,15276
15238,15491
15238,15516
15238,15693
15238,15806
15238,68167
15238,68264
15244,15183
15244,15332
15244,15403
15244,15522
15244,15673
15244,81794
15244,85136
15248,15180
15248,15317
15248,15332
15248,15522
15248,68425
15272,15362
15272,15516
15272,15542
15272,15759
15272,15806
15272,15837
15276,15092
15276,15114
15276,15162
15276,15215
15276,15238
15276,15491
15276,15693
15293,15051
15293,15407
15293,15469
15293,15696
15296,15215
15296,15464
15296,15755
15296,15790
15296,15820
15299,15022
15299,15135
15299,15172
15299,15425
15299,15455
15299,15511
15299,15778
15299,15798
15317,15248
15317,15522
15317,15673
15317,68425
15322,15022
15322,15325
15322,15778
15322,25436
15322,25807
15325,15022
15325,15236
15325,15322
15325,25297
15325,25436
15325,25839
15332,15180
15332,15223
15332,15244
15332,15248
15332,15522
15332,81300
15332,81794
15362,15226
15362,15272
15362,15542
15362,15759
15367,15104
15367,15494
15367,15599
15367,15804
15368,15183
15368,15403
15368,15720
15368,15755
15368,15774
15377,15047
15377,15464
15377,15518
15377,15533
15377,15550
15377,85001
15380,15511
15380,15798
15380,15842
15380,25807
15380,25873
15401,15580
15401,25885
15403,15097
15403,15183
15403,15244
15403,15368
15403,15673
15403,15774
15407,15051
15407,15232
15407,15293
15407,15638
15407,15696
15407,15776
15425,15135
15425,15236
15425,15299
15425,15690
15425,15761
15442,15109
15442,15131
15442,15212
15442,15480
15442,15531
15442,15681
15455,15090
15455,15135
15455,15172
15455,15299
15455,15514
15455,15897
15464,15047
15464,15296
15464,15377
15464,15466
15464,15550
15464,15755
15464,15759
15464,15820
15466,15464
15466,15759
15466,15820
15469,15051
15469,15293
15469,15664
15469,15696
15469,15816
15469,68077
15469,68298
15469,68572
15476,15001
15476,15051
15476,15204
15476,15232
15476,15762
15480,15212
15480,15442
15480,15507
15480,15580
15480,15681
15480,25518
15491,15215
15491,15238
15491,15276
15491,15759
15491,15806
15491,15820
15494,15104
15494,15367
15494,15804
15494,15835
15494,15842
15494,15861
15500,15001
15500,15187
15500,15204
15500,15837
15507,15480
15507,15531
15507,15572
15507,15580
15507,15681
15507,25885
15507,68101
15507,68271
15507,68377
15511,15172
15511,15299
15511,15380
15511,15798
15511,15842
15514,15047
15514,15090
15514,15135
15514,15455
15514,15660
15514,85015
15514,85162
15514,85300
15514,85410
15516,15238
15516,15272
15516,15763
15516,15806
15516,15837
15516,68298
15518,15047
15518,15377
15518,85010
15518,85279
15522,15244
15522,15248
15522,15317
15522,15332
15531,15106
15531,15131
15531,15442
15531,15507
15531,15681
15531,15832
15531,68271
15533,15377
15533,15550
15533,85001
15533,85225
15533,85400
15537,15087
15537,15092
15537,15720
15537,15723
15537,15757
15537,15790
15537,15839
15542,15226
15542,15272
15542,15362
15542,15621
15542,15740
15542,15814
15542,15822
15542,15897
15550,15183
15550,15377
15550,15464
15550,15533
15550,15755
15550,85400
15572,5585
15572,5591
15572,15507
15572,17380
15572,25572
15572,25885
15572,68101
15580,15401
15580,15480
15580,15507
15580,25885
15599,15104
15599,15172
15599,15189
15599,15367
15599,15621
15599,15804
15599,15897
15600,15638
15600,15646
15600,15676
15600,15776
15600,15808
15600,25288
15600,25317
15621,15189
15621,15542
15621,15599
15621,15740
15621,15879
15621,15897
15632,15106
15632,15176
15632,15776
15632,68020
15632,68572
15638,15232
15638,15407
15638,15600
15638,15646
15638,15776
15646,15001
15646,15224
15646,15600
15646,15638
15646,15762
15646,15861
15646,25317
15660,15047
15660,15090
15660,15514
15660,15897
15664,15185
15664,15469
15664,15686
15664,15816
15664,68077
15664,68327
15667,15135
15667,15690
15667,25530
15667,85300
15673,15097
15673,15244
15673,15317
15673,15403
15673,68425
15676,15176
15676,15600
15676,15808
15676,25288
15676,25745
15676,25779
15681,15442
15681,15480
15681,15507
15681,15531
15686,15185
15686,15664
15686,68673
15686,68770
15690,15135
15690,15236
15690,15425
15690,15667
15690,25293
15690,25530
15690,25839
15693,15162
15693,15238
15693,15276
15693,68264
15696,15293
15696,15407
15696,15469
15696,15776
15696,68572
15720,15368
15720,15537
15720,15723
15720,15755
15720,15774
15720,15839
15720,68502
15723,15537
15723,15720
15723,15755
15723,15757
15740,15187
15740,15542
15740,15621
15740,15764
15740,15814
15740,15879
15753,15097
15753,15774
15753,15810
15753,68502
15755,15183
15755,15296
15755,15368
15755,15464
15755,15550
15755,15720
15755,15723
15755,15757
15755,15790
15755,85400
15757,15537
15757,15723
15757,15755
15757,15790
15759,15047
15759,15226
15759,15272
15759,15362
15759,15464
15759,15466
15759,15491
15759,15806
15759,15820
15761,15022
15761,15236
15761,15425
15762,15001
15762,15224
15762,15232
15762,15476
15762,15646
15763,15204
15763,15516
15763,15837
15763,68298
15764,15001
15764,15104
15764,15187
15764,15740
15764,15879
15774,15097
15774,15368
15774,15403
15774,15720
15774,15753
15774,68502
15776,15407
15776,15600
15776,15632
15776,15638
15776,15696
15776,15808
15778,15022
15778,15299
15778,15322
15778,15798
15790,15092
15790,15114
15790,15215
15790,15296
15790,15537
15790,15755
15790,15757
15798,15299
15798,15380
15798,15511
15798,15778
15798,25807
15804,15172
15804,15367
15804,15494
15804,15599
15804,15842
15806,15238
15806,15272
15806,15491
15806,15516
15806,15759
15808,15176
15808,15600
15808,15676
15808,15776
15810,15097
15810,15218
15810,15753
15810,68147
15810,68502
15814,15187
15814,15542
15814,15740
15814,15837
15816,15185
15816,15469
15816,15664
15816,68298
15820,15215
15820,15296
15820,15464
15820,15466
15820,15491
15820,15759
15822,15047
15822,15226
15822,15542
15822,15897
15832,15106
15832,15531
15832,68020
15832,68271
15835,15494
15835,15842
15835,15861
15835,25873
15837,15187
15837,15204
15837,15272
15837,15500
15837,15516
15837,15763
15837,15814
15839,15087
15839,15537
15839,15720
15839,68217
15839,68502
15842,15172
15842,15380
15842,15494
15842,15511
15842,15804
15842,15835
15842,25873
15861,15001
15861,15104
15861,15494
15861,15646
15861,15835
15861,25317
15861,25407
15861,25873
15879,15189
15879,15621
15879,15740
15879,15764
15897,15047
15897,15090
15897,15172
15897,15455
15897,15542
15897,15599
15897,15621
15897,15660
15897,15822
17001,17042
17001,17174
17001,17446
17001,17486
17001,17524
17001,17873
17001,73347
17013,5002
17013,5145
17013,5756
17013,5856
17013,17513
17013,17653
17042,17001
17042,17486
17042,17524
17042,17616
17042,66088
17042,66318
17042,66594
17050,17272
17050,17388
17050,17486
17050,17653
17088,17616
17088,17877
17088,66400
17088,66440
17088,66687
17174,17001
17174,17524
17174,17616
17174,17873
17174,66440
17174,66682
17272,17050
17272,17388
17272,17486
17272,17614
17272,66594
17380,5756
17380,15572
17380,17867
17380,25320
17380,25572
17380,73349
17388,17050
17388,17272
17388,17442
17388,17513
17388,17653
17388,17777
17433,17444
17433,17446
17433,17541
17433,73283
17433,73347
17442,5145
17442,17388
17442,17513
17442,17777
17444,17433
17444,17541
17444,17662
17444,17867
17444,73283
17444,73443
17446,17001
17446,17433
17446,17486
17446,17541
17446,17653
17446,73347
17486,17001
17486,17042
17486,17050
17486,17272
17486,17446
17486,66594
17513,5145
17513,17013
17513,17388
17513,17442
17513,17653
17524,17001
17524,17042
17524,17174
17524,17616
17541,5483
17541,17433
17541,17444
17541,17446
17541,17653
17541,17662
17614,5145
17614,5364
17614,5789
17614,17272
17614,17777
17614,66318
17614,66456
17614,66594
17616,17042
17616,17088
17616,17174
17616,17524
17616,17877
17616,66088
17653,17013
17653,17050
17653,17388
17653,17446
17653,17513
17653,17541
17662,5055
17662,5483
17662,17444
17662,17541
17662,17867
17777,5145
17777,17388
17777,17442
17777,17614
17867,17380
17867,17444
17867,17662
17867,73349
17867,73443
17873,17001
17873,17174
17873,66682
17873,73152
17873,73347
17873,73461
17873,73870
17877,17088
17877,17616
17877,66045
17877,66088
17877,66687
18001,18094
18001,18410
18001,18460
18001,18479
18001,41298
18001,41319
18001,41770
18029,18094
18029,18205
18029,18610
18029,18860
18094,18001
18094,18029
18094,18479
18094,18610
18094,18860
18094,41006
18094,41770
18150,18247
18150,18256
18150,18410
18150,18592
18150,18753
18205,18029
18205,18610
18205,86571
18247,18150
18247,18256
18247,18592
18247,41020
18256,18150
18256,18247
18256,18410
18256,41020
18256,41298
18256,41306
18410,18001
18410,18150
18410,18256
18410,18460
18410,41298
18460,18001
18460,18410
18460,18479
18460,18860
18479,18001
18479,18094
18479,18460
18479,18860
18592,18150
18592,18247
18592,18753
18592,41020
18610,18029
18610,18094
18610,18205
18610,41006
18753,18150
18753,18592
18753,41001
18753,41020
18753,41078
18753,41615
18753,41799
18753,50350
18753,50370
18860,18029
18860,18094
18860,18460
18860,18479
19001,19130
19001,19256
19001,19585
19001,19760
19001,19807
19001,19824
19022,19100
19022,19397
19022,19693
19050,19075
19050,19256
19050,19318
19050,19532
19050,19809
19050,52250
19075,19050
19075,19532
19075,52250
19075,52405
19100,19022
19100,19290
19100,19450
19100,19532
19100,19693
19100,19701
19100,52378
19100,52693
19110,19137
19110,19418
19110,19473
19110,19698
19110,19780
19110,76109
19110,76364
19130,19001
19130,19256
19130,19473
19130,19548
19130,19743
19130,19824
19137,19110
19137,19364
19137,19473
19137,19548
19137,19698
19137,19743
19142,19212
19142,19364
19142,19513
19142,19573
19142,19698
19142,19821
19212,19142
19212,19455
19212,19513
19212,19821
19212,73555
19256,19001
19256,19050
19256,19130
19256,19392
19256,19418
19256,19473
19256,19532
19256,19622
19256,19760
19256,19807
19256,19809
19290,19100
19290,19450
19290,52399
19290,52693
19318,19050
19318,19809
19318,52250
19318,52696
19355,19517
19355,19743
19355,19824
19355,41396
19364,19137
19364,19142
19364,19517
19364,19698
19364,19743
19364,19821
19392,19256
19392,19397
19392,19532
19392,19622
19392,19760
19397,19022
19397,19392
19397,19693
19397,19760
19397,41668
19418,19110
19418,19256
19418,19473
19418,19780
19418,19809
19418,76109
19450,19100
19450,19290
19450,19532
19450,52256
19450,52399
19450,52405
19450,52687
19450,52786
19455,19212
19455,19513
19455,19573
19455,73555
19455,73616
19455,76130
19455,76275
19473,19110
19473,19130
19473,19137
19473,19256
19473,19418
19473,19548
19473,19780
19513,19142
19513,19212
19513,19455
19513,19573
19517,19355
19517,19364
19517,19743
19517,19821
19517,41357
19517,41396
19517,41483
19517,41518
19517,73555
19532,19050
19532,19075
19532,19100
19532,19256
19532,19392
19532,19450
19548,19130
19548,19137
19548,19473
19548,19743
19573,19142
19573,19455
19573,19513
19573,76001
19573,76130
19573,76364
19585,19001
19585,19760
19585,41359
19585,41378
19585,41396
19585,41660
19585,41668
19622,19256
19622,19392
19622,19760
19693,19022
19693,19100
19693,19397
19693,19701
19693,41668
19698,19110
19698,19137
19698,19142
19698,19364
19698,76364
19701,19100
19701,19693
19701,41530
19701,41551
19701,41668
19701,52378
19701,86001
19743,19130
19743,19137
19743,19355
19743,19364
19743,19517
19743,19548
19743,19824
19760,19001
19760,19256
19760,19392
19760,19397
19760,19585
19760,19622
19760,19807
19760,41668
19780,19110
19780,19418
19780,19473
19807,19001
19807,19256
19807,19760
19809,19050
19809,19256
19809,19318
19809,19418
19821,19142
19821,19212
19821,19364
19821,19517
19821,73555
19824,19001
19824,19130
19824,19355
19824,19743
19824,41396
20001,20060
20001,20238
20001,20250
20001,20621
20001,20750
20001,44650
20001,44855
20001,44874
20001,47053
20011,20295
20011,20383
20011,20614
20011,20770
20011,54245
20011,54498
20011,68575
20013,20045
20013,20250
20013,20621
20032,20175
20032,20178
20032,20250
20032,47318
20032,47692
20045,20013
20045,20250
20045,20400
20060,20001
20060,20238
20060,20250
20060,47058
20175,20032
20175,20178
20175,20228
20175,20517
20175,20787
20175,47245
20175,47318
20175,54245
20178,20032
20178,20175
20178,20228
20178,20250
20178,20400
20228,20175
20228,20178
20228,54245
20238,20001
20238,20060
20238,47288
20250,20001
20250,20013
20250,20032
20250,20045
20250,20060
20250,20178
20250,20400
20250,20621
20250,47058
20250,47707
20295,13473
20295,13600
20295,20011
20295,20383
20310,20614
20310,54206
20310,54245
20310,54498
20383,13600
20383,20011
20383,20295
20383,20550
20383,20787
20383,54245
20400,20045
20400,20178
20400,20250
20443,20621
20517,20175
20517,20550
20517,20787
20517,54245
20550,20383
20550,20517
20550,20787
20550,54245
20614,20011
20614,20310
20614,20770
20614,54498
20621,20001
20621,20013
20621,20250
20621,20443
20621,20750
20710,20770
20710,54003
20710,68615
20750,20001
20750,20621
20770,20011
20770,20614
20770,20710
20770,54003
20770,54498
20770,68575
20770,68615
20787,20175
20787,20383
20787,20517
20787,20550
20787,47245
23001,5051
23001,5665
23001,23090
23001,23162
23001,23419
23001,23555
23001,23574
23001,23678
23001,23686
23001,23807
23001,23855
23068,5154
23068,5495
23068,23079
23068,23570
23068,70265
23068,70429
23068,70678
23068,70708
23079,23068
23079,23466
23079,23555
23079,23570
23090,5051
23090,23001
23090,23419
23162,23001
23162,23189
23162,23678
23162,23686
23168,23189
23168,23417
23168,23464
23168,23670
23168,23686
23182,23189
23182,23660
23182,23670
23182,70124
23182,70400
23182,70670
23182,70678
23189,23162
23189,23168
23189,23182
23189,23570
23189,23660
23189,23670
23189,23678
23189,23686
23417,23168
23417,23464
23417,23500
23417,23574
23417,23586
23417,23672
23417,23675
23417,23686
23419,5051
23419,23001
23419,23090
23419,23574
23464,23168
23464,23417
23464,23586
23464,23670
23464,70523
23466,5120
23466,5361
23466,5790
23466,23079
23466,23555
23466,23580
23466,23807
23500,23417
23500,23574
23500,23675
23555,23001
23555,23079
23555,23466
23555,23570
23555,23678
23555,23807
23570,23068
23570,23079
23570,23189
23570,23555
23570,23660
23570,23678
23570,70708
23574,23001
23574,23417
23574,23419
23574,23500
23574,23686
23580,5361
23580,5790
23580,23466
23586,23417
23586,23464
23586,23672
23586,70523
23660,23182
23660,23189
23660,23570
23660,70400
23660,70708
23670,23168
23670,23182
23670,23189
23670,23464
23670,70001
23670,70523
23670,70670
23672,23417
23672,23586
23672,23675
23675,23417
23675,23500
23675,23672
23678,23001
23678,23162
23678,23189
23678,23555
23678,23570
23686,23001
23686,23162
23686,23168
23686,23189
23686,23417
23686,23574
23807,5045
23807,5147
23807,5172
23807,5361
23807,5480
23807,23001
23807,23466
23807,23555
23807,23855
23855,5045
23855,5665
23855,5837
23855,23001
23855,23807
25001,25488
25001,25612
25001,25815
25019,25040
25019,25269
25019,25328
25019,25718
25019,25875
25035,25245
25035,25368
25035,25386
25035,25596
25035,25599
25035,25878
25040,25019
25040,25095
25040,25123
25040,25269
25040,25328
25040,25596
25040,25898
25053,11001
25053,25290
25053,25524
25053,25535
25053,25649
25053,73352
25086,25324
25086,25368
25086,25580
25086,25662
25086,73030
25086,73547
25086,73861
25095,25040
25095,25328
25095,25596
25095,25867
25095,25875
25099,25269
25099,25386
25099,25430
25099,25473
25099,25645
25099,25754
25099,25797
25099,25898
25120,11001
25120,25649
25120,41206
25120,73352
25120,73873
25123,25040
25123,25386
25123,25596
25123,25898
25126,25175
25126,25758
25126,25785
25126,25899
25148,25320
25148,25394
25148,25572
25148,25851
25148,25885
25151,25178
25151,25279
25151,25281
25151,25594
25151,25841
25151,25845
25154,15109
25154,15212
25154,25653
25154,25745
25154,25779
25154,25781
25154,25793
25154,25843
25168,25320
25168,25662
25168,25867
25168,73055
25175,11001
25175,25126
25175,25214
25175,25758
25175,25785
25175,25799
25178,11001
25178,25151
25178,25841
25178,25845
25181,11001
25181,25279
25181,25377
25181,25841
25183,25224
25183,25407
25183,25426
25183,25736
25183,25772
25183,25807
25183,25873
25200,25486
25200,25513
25200,25793
25200,25899
25214,11001
25214,25175
25214,25286
25214,25799
25224,25183
25224,25407
25224,25772
25224,25781
25224,25793
25224,25843
25245,25035
25245,25386
25245,25645
25245,25797
25245,25878
25258,25394
25258,25398
25258,25489
25258,25513
25258,25823
25258,25862
25269,25019
25269,25040
25269,25099
25269,25402
25269,25430
25269,25658
25269,25718
25269,25898
25279,25151
25279,25181
25279,25372
25279,25377
25279,25594
25279,25841
25279,50245
25279,50686
25281,25151
25281,25335
25281,25339
25281,25594
25281,25845
25286,11001
25286,25214
25286,25430
25286,25473
25286,25799
25288,15600
25288,15676
25288,25317
25288,25779
25288,25843
25290,25053
25290,25535
25290,25740
25290,25743
25290,25805
25290,73352
25293,15236
25293,15690
25293,25299
25293,25372
25293,25438
25293,25839
25293,50686
25295,25326
25295,25486
25295,25736
25295,25772
25295,25817
25297,15325
25297,25299
25297,25326
25297,25372
25297,25426
25297,25436
25297,25839
25299,25293
25299,25297
25299,25372
25299,25839
25307,25483
25307,25612
25307,25815
25307,73200
25307,73275
25317,15600
25317,15646
25317,15861
25317,25288
25317,25407
25317,25843
25320,17380
25320,25148
25320,25168
25320,25572
25320,25592
25320,25851
25320,25867
25320,25875
25320,73055
25320,73349
25322,25326
25322,25372
25322,25377
25322,25758
25322,25817
25324,25086
25324,25368
25324,25483
25324,73200
25324,73547
25326,25295
25326,25297
25326,25322
25326,25372
25326,25426
25326,25736
25326,25817
25328,25019
25328,25040
25328,25095
25328,25875
25335,25281
25335,25339
25335,25594
25335,50001
25335,50006
25335,50245
25339,11001
25339,25281
25339,25335
25339,25845
25339,50006
25339,50318
25368,25035
25368,25086
25368,25324
25368,25483
25368,25580
25368,25596
25368,25599
25368,25815
25372,25279
25372,25293
25372,25297
25372,25299
25372,25322
25372,25326
25372,25377
25377,11001
25377,25181
25377,25279
25377,25322
25377,25372
25377,25758
25386,25035
25386,25099
25386,25123
25386,25245
25386,25596
25386,25797
25386,25898
25394,25148
25394,25258
25394,25398
25394,25823
25394,25851
25394,25885
25398,25258
25398,25394
25398,25489
25398,25851
25402,25269
25402,25491
25402,25658
25402,25718
25402,25777
25402,25862
25407,15861
25407,25183
25407,25224
25407,25317
25407,25843
25407,25873
25426,25183
25426,25297
25426,25326
25426,25436
25426,25736
25426,25807
25430,25099
25430,25269
25430,25286
25430,25473
25430,25769
25430,25799
25436,15322
25436,15325
25436,25297
25436,25426
25436,25807
25438,25293
25438,25530
25438,25839
25438,50226
25438,50606
25438,50686
25473,11001
25473,25099
25473,25286
25473,25430
25473,25754
25483,25307
25483,25324
25483,25368
25483,25815
25483,73200
25486,25200
25486,25295
25486,25772
25486,25793
25486,25899
25488,25001
25488,25612
25488,25805
25488,25815
25488,25878
25488,73449
25489,25258
25489,25398
25489,25491
25489,25592
25489,25862
25489,25875
25491,25402
25491,25489
25491,25718
25491,25862
25491,25875
25513,25200
25513,25258
25513,25653
25513,25769
25513,25777
25513,25793
25513,25823
25513,25862
25513,25871
25513,25899
25518,15212
25518,15480
25518,25653
25518,25823
25518,25871
25518,25885
25524,25053
25524,25649
25524,73352
25530,15667
25530,15690
25530,25438
25530,25839
25530,50110
25530,50124
25530,50226
25530,85300
25535,11001
25535,25053
25535,25290
25535,25740
25535,25754
25572,15572
25572,17380
25572,25148
25572,25320
25572,25885
25580,25086
25580,25368
25580,25596
25580,25662
25592,25320
25592,25489
25592,25851
25592,25875
25594,25151
25594,25279
25594,25281
25594,25335
25594,50245
25596,25035
25596,25040
25596,25095
25596,25123
25596,25368
25596,25386
25596,25580
25596,25662
25596,25867
25599,25035
25599,25368
25599,25815
25599,25878
25612,25001
25612,25307
25612,25488
25612,73148
25612,73275
25612,73449
25612,73770
25645,25099
25645,25245
25645,25754
25645,25797
25649,11001
25649,25053
25649,25120
25649,25524
25653,15212
25653,25154
25653,25513
25653,25518
25653,25793
25653,25871
25658,25269
25658,25402
25658,25769
25658,25777
25662,25086
25662,25168
25662,25580
25662,25596
25662,25867
25662,73030
25662,73055
25718,25019
25718,25269
25718,25402
25718,25491
25718,25875
25736,25183
25736,25295
25736,25326
25736,25426
25736,25772
25740,25290
25740,25535
25740,25743
25740,25754
25743,25290
25743,25740
25743,25805
25743,25878
25745,15109
25745,15131
25745,15176
25745,15676
25745,25154
25745,25779
25754,11001
25754,25099
25754,25473
25754,25535
25754,25645
25754,25740
25758,11001
25758,25126
25758,25175
25758,25322
25758,25377
25758,25817
25769,25430
25769,25513
25769,25658
25769,25777
25769,25785
25769,25799
25769,25899
25772,25183
25772,25224
25772,25295
25772,25486
25772,25736
25772,25793
25777,25402
25777,25513
25777,25658
25777,25769
25777,25862
25779,15676
25779,25154
25779,25288
25779,25745
25779,25843
25781,25154
25781,25224
25781,25793
25781,25843
25785,25126
25785,25175
25785,25769
25785,25799
25785,25899
25793,25154
25793,25200
25793,25224
25793,25486
25793,25513
25793,25653
25793,25772
25793,25781
25797,25099
25797,25245
25797,25386
25797,25645
25799,25175
25799,25214
25799,25286
25799,25430
25799,25769
25799,25785
25805,25290
25805,25488
25805,25743
25805,25878
25805,73352
25807,15322
25807,15380
25807,15798
25807,25183
25807,25426
25807,25436
25807,25873
25815,25001
25815,25307
25815,25368
25815,25483
25815,25488
25815,25599
25815,25878
25817,25295
25817,25322
25817,25326
25817,25758
25817,25899
25823,25258
25823,25394
25823,25513
25823,25518
25823,25871
25823,25885
25839,15236
25839,15325
25839,15690
25839,25293
25839,25297
25839,25299
25839,25438
25839,25530
25841,11001
25841,25151
25841,25178
25841,25181
25841,25279
25843,25154
25843,25224
25843,25288
25843,25317
25843,25407
25843,25779
25843,25781
25845,11001
25845,25151
25845,25178
25845,25281
25845,25339
25851,25148
25851,25320
25851,25394
25851,25398
25851,25592
25862,25258
25862,25402
25862,25489
25862,25491
25862,25513
25862,25777
25867,25095
25867,25168
25867,25320
25867,25596
25867,25662
25867,25875
25871,25513
25871,25518
25871,25653
25871,25823
25873,15380
25873,15835
25873,15842
25873,15861
25873,25183
25873,25407
25873,25807
25875,25019
25875,25095
25875,25320
25875,25328
25875,25489
25875,25491
25875,25592
25875,25718
25875,25867
25878,25035
25878,25245
25878,25488
25878,25599
25878,25743
25878,25805
25878,25815
25885,15401
25885,15507
25885,15572
25885,15580
25885,25148
25885,25394
25885,25518
25885,25572
25885,25823
25898,25040
25898,25099
25898,25123
25898,25269
25898,25386
25899,25126
25899,25200
25899,25486
25899,25513
25899,25769
25899,25785
25899,25817
27001,5847
27001,5873
27001,27025
27001,27099
27001,27245
27001,27413
27006,27800
27025,27001
27025,27075
27025,27077
27025,27099
27025,27495
27073,5034
27073,27245
27073,27413
27073,27787
27073,66456
27073,66572
27075,27025
27075,27099
27075,27372
27075,27495
27075,27615
27077,27025
27077,27250
27077,27361
27077,27495
27099,5873
27099,27001
27099,27025
27099,27075
27205,27491
27205,27660
27205,66572
27245,5034
27245,5091
27245,5101
27245,5642
27245,5847
27245,27001
27245,27073
27245,27413
27250,27077
27250,27361
27250,27745
27250,76100
27250,76109
27250,76126
27250,76616
27250,76828
27361,27077
27361,27250
27361,27745
27361,27787
27372,27075
27372,27615
27413,27001
27413,27073
27413,27245
27491,27205
27491,27660
27491,27745
27491,66383
27491,66572
27491,66687
27491,76243
27495,27025
27495,27075
27495,27077
27615,5837
27615,27075
27615,27372
27615,27800
27660,27205
27660,27491
27660,27745
27660,76243
27660,76246
27745,27250
27745,27361
27745,27491
27745,27660
27745,76100
27745,76246
27745,76250
27745,76863
27787,27073
27787,27361
27787,66572
27800,5837
27800,27006
27800,27615
41001,18753
41001,41016
41001,41524
41001,41615
41001,41676
41001,41799
41001,73067
41001,73555
41006,18094
41006,18610
41006,41530
41006,41551
41006,41770
41006,41807
41013,41026
41013,41298
41013,41306
41013,41518
41013,41548
41016,41001
41016,41872
41016,73067
41016,73483
41020,18247
41020,18256
41020,18592
41020,18753
41020,41132
41020,41306
41020,41349
41020,41615
41026,41013
41026,41244
41026,41298
41026,41319
41026,41548
41026,41770
41026,41791
41026,41807
41078,18753
41078,41206
41078,41799
41078,41872
41078,50370
41078,73024
41132,41020
41132,41349
41132,41524
41132,41615
41132,41885
41206,11001
41206,25120
41206,41078
41206,50370
41206,73024
41206,73236
41244,41026
41244,41503
41244,41551
41244,41660
41244,41791
41244,41807
41298,18001
41298,18256
41298,18410
41298,41013
41298,41026
41298,41306
41298,41319
41306,18256
41306,41013
41306,41020
41306,41298
41306,41349
41306,41518
41306,41797
41306,41885
41319,18001
41319,41026
41319,41298
41319,41770
41349,41020
41349,41132
41349,41306
41349,41885
41357,19517
41357,41483
41357,41676
41357,41797
41357,41801
41357,41885
41357,73555
41359,19585
41359,41551
41359,41660
41359,41668
41378,19585
41378,41396
41378,41503
41378,41548
41378,41660
41378,41791
41396,19355
41396,19517
41396,19585
41396,19824
41396,41378
41396,41518
41396,41548
41483,19517
41483,41357
41483,41518
41483,41797
41503,41244
41503,41378
41503,41660
41503,41791
41518,19517
41518,41013
41518,41306
41518,41396
41518,41483
41518,41548
41518,41797
41524,41001
41524,41132
41524,41615
41524,41676
41524,41801
41524,41885
41530,19701
41530,41006
41530,41551
41548,41013
41548,41026
41548,41378
41548,41396
41548,41518
41548,41791
41551,19701
41551,41006
41551,41244
41551,41359
41551,41530
41551,41660
41551,41668
41551,41807
41615,18753
41615,41001
41615,41020
41615,41132
41615,41524
41660,19585
41660,41244
41660,41359
41660,41378
41660,41503
41660,41551
41668,19397
41668,19585
41668,19693
41668,19701
41668,19760
41668,41359
41668,41551
41676,41001
41676,41357
41676,41524
41676,41801
41676,73555
41770,18001
41770,18094
41770,41006
41770,41026
41770,41319
41770,41807
41791,41026
41791,41244
41791,41378
41791,41503
41791,41548
41797,41306
41797,41357
41797,41483
41797,41518
41797,41885
41799,18753
41799,41001
41799,41078
41799,41872
41801,41357
41801,41524
41801,41676
41801,41885
41807,41006
41807,41026
41807,41244
41807,41551
41807,41770
41872,41016
41872,41078
41872,41799
41872,73024
41872,73483
41885,41132
41885,41306
41885,41349
41885,41357
41885,41524
41885,41797
41885,41801
44001,44078
44001,44279
44001,44430
44001,44560
44001,44650
44078,44001
44078,44279
44110,44650
44110,44874
44279,44001
44279,44078
44279,44650
44430,44001
44430,44560
44430,44847
44560,44001
44560,44430
44560,44847
44650,20001
44650,44001
44650,44110
44650,44279
44650,44874
44847,44430
44847,44560
44855,20001
44855,44874
44874,20001
44874,44110
44874,44650
44874,44855
47001,47053
47001,47189
47053,20001
47053,47001
47053,47189
47053,47288
47053,47570
47058,20060
47058,20250
47058,47707
47161,8137
47161,8770
47161,13140
47161,47258
47161,47541
47170,47258
47170,47551
47170,47555
47170,47798
47189,47001
47189,47053
47189,47570
47245,13440
47245,20175
47245,20787
47245,47318
47258,8137
47258,47161
47258,47170
47258,47551
47258,47675
47288,20238
47288,47053
47288,47551
47318,13440
47318,13650
47318,20032
47318,20175
47318,47245
47318,47692
47541,13140
47541,13248
47541,47161
47551,47170
47551,47258
47551,47288
47551,47605
47551,47675
47555,13212
47555,13894
47555,47170
47555,47707
47555,47798
47570,47053
47570,47189
47605,8520
47605,8560
47605,47551
47605,47675
47675,8137
47675,8560
47675,47258
47675,47551
47675,47605
47692,13468
47692,13650
47692,20032
47692,47318
47692,47703
47703,13468
47703,47692
47703,47707
47707,13468
47707,13780
47707,20250
47707,47058
47707,47555
47707,47703
47798,13248
47798,13657
47798,13894
47798,47170
47798,47555
50001,25335
50001,50006
50001,50245
50001,50573
50001,50606
50001,50680
50006,25335
50006,25339
50006,50001
50006,50150
50006,50318
50006,50680
50110,25530
50110,50124
50110,85300
50110,85440
50124,25530
50124,50110
50124,50226
50124,50573
50124,85440
50150,50006
50150,50318
50150,50680
50150,50689
50223,11001
50223,50251
50223,50270
50223,50318
50223,50370
50223,50400
50223,50689
50226,25438
50226,25530
50226,50124
50226,50573
50226,50606
50245,25279
50245,25335
50245,25594
50245,50001
50245,50606
50245,50686
50251,50223
50251,50270
50251,50313
50251,50400
50251,50689
50270,50223
50270,50251
50270,50689
50287,50313
50287,50577
50287,50683
50287,50689
50313,50251
50313,50287
50313,50400
50313,50683
50313,50689
50318,11001
50318,25339
50318,50006
50318,50150
50318,50223
50325,50450
50325,50568
50325,50577
50325,50590
50325,50689
50330,50370
50330,50400
50330,50683
50330,50711
50350,18753
50350,50370
50350,50711
50370,11001
50370,18753
50370,41078
50370,41206
50370,50223
50370,50330
50370,50350
50370,50400
50370,50711
50400,50223
50400,50251
50400,50313
50400,50330
50400,50370
50400,50683
50450,50325
50450,50590
50568,50325
50568,50573
50568,50689
50568,85139
50568,85230
50573,50001
50573,50124
50573,50226
50573,50568
50573,50606
50573,50680
50573,50689
50573,85139
50573,85230
50573,85410
50573,85440
50577,50287
50577,50325
50577,50590
50577,50683
50577,50689
50577,50711
50590,50325
50590,50450
50590,50577
50590,50711
50606,25438
50606,50001
50606,50226
50606,50245
50606,50573
50606,50686
50680,50001
50680,50006
50680,50150
50680,50573
50680,50689
50683,50287
50683,50313
50683,50330
50683,50400
50683,50577
50683,50711
50686,25279
50686,25293
50686,25438
50686,50245
50686,50606
50689,50150
50689,50223
50689,50251
50689,50270
50689,50287
50689,50313
50689,50325
50689,50568
50689,50573
50689,50577
50689,50680
50711,50330
50711,50350
50711,50370
50711,50577
50711,50590
50711,50683
52001,52110
52001,52207
52001,52240
52001,52287
52001,52788
52001,86320
52001,86760
52001,86885
52019,52051
52019,52110
52019,52258
52019,52685
52019,52694
52022,52224
52022,52317
52022,52356
52022,52585
52036,52207
52036,52320
52036,52411
52036,52678
52036,52683
52051,52019
52051,52110
52051,52687
52051,52694
52079,52418
52079,52427
52079,52612
52079,52621
52079,52678
52079,52835
52083,52203
52083,52378
52083,52399
52083,52685
52083,52694
52110,52001
52110,52019
52110,52051
52110,52240
52110,52258
52110,52678
52110,86219
52110,86760
52203,52083
52203,52378
52203,52399
52203,52693
52207,52001
52207,52036
52207,52320
52207,52381
52207,52683
52207,52788
52207,52885
52210,52215
52210,52287
52210,52323
52210,52352
52210,52356
52210,52573
52215,52210
52215,52356
52215,52560
52215,52573
52215,86320
52224,52022
52224,52227
52224,52317
52224,52356
52224,52585
52227,52224
52227,52317
52227,52435
52227,52612
52233,52250
52233,52256
52233,52418
52233,52427
52233,52540
52240,52001
52240,52110
52240,52260
52240,52381
52240,52687
52240,52786
52250,19050
52250,19075
52250,19318
52250,52233
52250,52256
52250,52390
52250,52405
52250,52427
52250,52696
52256,19450
52256,52233
52256,52250
52256,52405
52256,52540
52256,52786
52258,52019
52258,52110
52258,52685
52258,86001
52258,86219
52258,86755
52260,52240
52260,52381
52260,52411
52260,52683
52260,52786
52287,52001
52287,52210
52287,52352
52287,52354
52287,52573
52287,52788
52287,52885
52287,86320
52317,52022
52317,52224
52317,52227
52317,52435
52317,52585
52317,52720
52320,52036
52320,52207
52320,52354
52320,52565
52320,52678
52320,52838
52320,52885
52323,52210
52323,52352
52323,52356
52323,52585
52352,52210
52352,52287
52352,52323
52352,52354
52352,52506
52352,52585
52354,52287
52354,52320
52354,52352
52354,52506
52354,52838
52354,52885
52356,52022
52356,52210
52356,52215
52356,52224
52356,52323
52356,52560
52356,52585
52356,86320
52356,86865
52378,19100
52378,19701
52378,52083
52378,52203
52378,52685
52378,52693
52378,86001
52381,52207
52381,52240
52381,52260
52381,52683
52390,52250
52390,52427
52390,52490
52399,19290
52399,19450
52399,52083
52399,52203
52399,52687
52399,52693
52399,52694
52405,19075
52405,19450
52405,52250
52405,52256
52411,52036
52411,52260
52411,52418
52411,52678
52411,52683
52418,52079
52418,52233
52418,52411
52418,52427
52418,52540
52427,52079
52427,52233
52427,52250
52427,52390
52427,52418
52427,52490
52427,52621
52435,52227
52435,52317
52435,52612
52435,52699
52435,52720
52473,52490
52473,52520
52473,52621
52473,52835
52490,52390
52490,52427
52490,52473
52490,52621
52506,52352
52506,52354
52506,52720
52506,52838
52520,52473
52520,52621
52520,52835
52540,52233
52540,52256
52540,52418
52540,52786
52560,52215
52560,52356
52565,52320
52565,52678
52565,52699
52565,52838
52573,52210
52573,52215
52573,52287
52573,86320
52585,52022
52585,52224
52585,52317
52585,52323
52585,52352
52585,52356
52585,52720
52612,52079
52612,52227
52612,52435
52612,52678
52612,52699
52621,52079
52621,52427
52621,52473
52621,52490
52621,52520
52621,52835
52678,52036
52678,52079
52678,52110
52678,52320
52678,52411
52678,52565
52678,52612
52678,52699
52683,52036
52683,52207
52683,52260
52683,52381
52683,52411
52685,52019
52685,52083
52685,52258
52685,52378
52685,52694
52687,19450
52687,52051
52687,52240
52687,52399
52687,52786
52693,19100
52693,19290
52693,52203
52693,52378
52693,52399
52694,52019
52694,52051
52694,52083
52694,52399
52694,52685
52696,19318
52696,52250
52699,52435
52699,52565
52699,52612
52699,52678
52699,52720
52699,52838
52720,52317
52720,52435
52720,52506
52720,52585
52720,52699
52720,52838
52786,19450
52786,52240
52786,52256
52786,52260
52786,52540
52786,52687
52788,52001
52788,52207
52788,52287
52788,52885
52835,52079
52835,52473
52835,52520
52835,52621
52838,52320
52838,52354
52838,52506
52838,52565
52838,52699
52838,52720
52885,52207
52885,52287
52885,52320
52885,52354
52885,52788
54001,54099
54001,54261
54001,54405
54001,54673
54001,54720
54001,54810
54001,54874
54003,20710
54003,20770
54003,54109
54003,54128
54003,54344
54003,54398
54003,54498
54003,54720
54003,54871
54051,54099
54051,54128
54051,54223
54051,54239
54051,54660
54051,68780
54099,54001
54099,54051
54099,54172
54099,54223
54099,54239
54099,54405
54099,54520
54099,54673
54109,54003
54109,54418
54109,54720
54109,54871
54125,54174
54125,54480
54125,54518
54125,54743
54128,54003
54128,54051
54128,54660
54128,54871
54128,68255
54128,68615
54128,68780
54172,54099
54172,54347
54172,54405
54172,54520
54172,54599
54172,54820
54174,15223
54174,54125
54174,54377
54174,54743
54174,54820
54174,68162
54174,68207
54206,20310
54206,54245
54206,54498
54206,54800
54223,54051
54223,54099
54223,54480
54223,54518
54223,54520
54223,68132
54223,68780
54223,68867
54239,54051
54239,54099
54239,54660
54239,54673
54239,54680
54245,20011
54245,20175
54245,20228
54245,20310
54245,20383
54245,20517
54245,20550
54245,54206
54245,54498
54250,54670
54250,54800
54250,54810
54261,54001
54261,54313
54261,54673
54261,54680
54261,54720
54313,54261
54313,54418
54313,54660
54313,54680
54313,54720
54344,54003
54344,54398
54344,54670
54344,54720
54347,54172
54347,54599
54347,54820
54377,54174
54377,54518
54377,54520
54377,54820
54398,54003
54398,54344
54398,54498
54398,54670
54405,54001
54405,54099
54405,54172
54405,54599
54405,54874
54418,54109
54418,54313
54418,54720
54418,54871
54480,54125
54480,54223
54480,54518
54480,54743
54480,68867
54498,20011
54498,20310
54498,20614
54498,20770
54498,54003
54498,54206
54498,54245
54498,54398
54498,54670
54498,54800
54518,54125
54518,54223
54518,54377
54518,54480
54518,54520
54520,54099
54520,54172
54520,54223
54520,54377
54520,54518
54520,54820
54599,54172
54599,54347
54599,54405
54599,54874
54660,54051
54660,54128
54660,54239
54660,54313
54660,54680
54660,54871
54670,54250
54670,54344
54670,54398
54670,54498
54670,54720
54670,54800
54670,54810
54673,54001
54673,54099
54673,54239
54673,54261
54673,54680
54680,54239
54680,54261
54680,54313
54680,54660
54680,54673
54720,54001
54720,54003
54720,54109
54720,54261
54720,54313
54720,54344
54720,54418
54720,54670
54720,54810
54743,54125
54743,54174
54743,54480
54743,68162
54743,68318
54743,68705
54743,68820
54743,68867
54800,54206
54800,54250
54800,54498
54800,54670
54800,54810
54810,54001
54810,54250
54810,54670
54810,54720
54810,54800
54820,15223
54820,54172
54820,54174
54820,54347
54820,54377
54820,54520
54871,54003
54871,54109
54871,54128
54871,54418
54871,54660
54874,54001
54874,54405
54874,54599
63001,63130
63001,63190
63001,63401
63001,63470
63001,63690
63111,63130
63111,63212
63111,63548
63130,63001
63130,63111
63130,63212
63130,63401
63130,63548
63130,63690
63130,73124
63130,76122
63190,63001
63190,63272
63190,63470
63190,63594
63190,63690
63212,63111
63212,63130
63212,63548
63212,73124
63272,63190
63272,63594
63272,63690
63272,66001
63272,76020
63272,76845
63302,63548
63302,73622
63302,76122
63302,76736
63401,63001
63401,63130
63401,63470
63401,76122
63401,76403
63401,76736
63401,76895
63470,63001
63470,63190
63470,63401
63470,63594
63470,76403
63470,76497
63548,63111
63548,63130
63548,63212
63548,63302
63548,73124
63548,73622
63548,76122
63594,63190
63594,63272
63594,63470
63594,76020
63594,76147
63594,76497
63690,63001
63690,63130
63690,63190
63690,63272
63690,66001
63690,73001
63690,73043
63690,73124
63690,73686
66001,63272
66001,63690
66001,66075
66001,66170
66001,66400
66001,66440
66001,66682
66001,73686
66001,76041
66001,76147
66001,76845
66045,17877
66045,66088
66045,66572
66045,66687
66075,66001
66075,66383
66075,66400
66075,66687
66075,76041
66075,76243
66088,17042
66088,17616
66088,17877
66088,66045
66088,66318
66088,66456
66088,66572
66170,66001
66170,66440
66170,66682
66318,17042
66318,17614
66318,66088
66318,66456
66318,66594
66383,27491
66383,66075
66383,66687
66383,76243
66400,17088
66400,66001
66400,66075
66400,66440
66400,66687
66440,17088
66440,17174
66440,66001
66440,66170
66440,66400
66440,66682
66456,5034
66456,5364
66456,17614
66456,27073
66456,66088
66456,66318
66456,66572
66572,27073
66572,27205
66572,27491
66572,27787
66572,66045
66572,66088
66572,66456
66572,66687
66594,17042
66594,17272
66594,17486
66594,17614
66594,66318
66682,17174
66682,17873
66682,66001
66682,66170
66682,66440
66687,17088
66687,17877
66687,27491
66687,66045
66687,66075
66687,66383
66687,66400
66687,66572
68001,68169
68001,68276
68001,68307
68001,68444
68001,68615
68001,68820
68013,68245
68013,68320
68013,68397
68013,68673
68020,15632
68020,15832
68020,68271
68020,68368
68020,68572
68051,68160
68051,68229
68051,68370
68051,68418
68051,68547
68077,15469
68077,15664
68077,68324
68077,68327
68077,68572
68077,68861
68079,68121
68079,68296
68079,68679
68079,68872
68079,68895
68081,5893
68081,68573
68081,68575
68081,68655
68081,68689
68081,68745
68092,68307
68092,68689
68092,68895
68101,5579
68101,15507
68101,15572
68101,68190
68101,68250
68101,68324
68101,68377
68101,68385
68101,68773
68101,68861
68121,68079
68121,68296
68121,68522
68121,68549
68121,68679
68121,68755
68132,54223
68132,68780
68132,68867
68147,15097
68147,15218
68147,15810
68147,68266
68147,68425
68147,68684
68147,68686
68152,15180
68152,68207
68152,68266
68152,68425
68152,68686
68160,68051
68160,68229
68160,68318
68160,68468
68160,68547
68160,68669
68162,54174
68162,54743
68162,68207
68162,68318
68162,68669
68167,15238
68167,68217
68167,68264
68167,68298
68167,68464
68167,68498
68167,68500
68167,68533
68167,68770
68169,68001
68169,68444
68169,68780
68169,68820
68169,68867
68176,68211
68176,68320
68176,68322
68176,68524
68176,68720
68176,68745
68179,68327
68179,68397
68179,68861
68190,5579
68190,5893
68190,68101
68190,68385
68190,68573
68207,15180
68207,15223
68207,54174
68207,68152
68207,68162
68207,68266
68207,68432
68207,68669
68209,68322
68209,68500
68209,68524
68209,68533
68209,68755
68211,68176
68211,68245
68211,68320
68211,68720
68217,15839
68217,68167
68217,68264
68217,68464
68217,68502
68229,68051
68229,68160
68229,68370
68229,68464
68229,68468
68229,68679
68229,68872
68235,68296
68235,68344
68235,68689
68235,68745
68245,68013
68245,68211
68245,68320
68245,68397
68245,68720
68250,68101
68250,68773
68255,54128
68255,68615
68255,68780
68264,15087
68264,15162
68264,15238
68264,15693
68264,68167
68264,68217
68266,68147
68266,68152
68266,68207
68266,68432
68266,68684
68266,68686
68271,15507
68271,15531
68271,15832
68271,68020
68271,68368
68271,68377
68276,68001
68276,68307
68276,68547
68276,68820
68296,68079
68296,68121
68296,68235
68296,68344
68296,68522
68296,68689
68296,68895
68298,15051
68298,15185
68298,15204
68298,15469
68298,15516
68298,15763
68298,15816
68298,68167
68298,68770
68307,68001
68307,68092
68307,68276
68307,68406
68307,68418
68307,68547
68307,68615
68307,68655
68307,68895
68318,54743
68318,68160
68318,68162
68318,68547
68318,68669
68318,68705
68320,68013
68320,68176
68320,68211
68320,68245
68320,68322
68320,68500
68320,68673
68320,68770
68322,68176
68322,68209
68322,68320
68322,68500
68322,68524
68324,68077
68324,68101
68324,68572
68324,68773
68324,68861
68327,15664
68327,68077
68327,68179
68327,68673
68327,68861
68344,68235
68344,68296
68344,68522
68344,68745
68368,68020
68368,68271
68368,68377
68368,68572
68368,68773
68370,68051
68370,68229
68370,68418
68370,68872
68377,15507
68377,68101
68377,68271
68377,68368
68377,68773
68385,68101
68385,68190
68385,68573
68385,68861
68397,68013
68397,68179
68397,68245
68397,68673
68397,68720
68397,68861
68406,68307
68406,68615
68406,68655
68418,68051
68418,68307
68418,68370
68418,68547
68418,68872
68418,68895
68425,15097
68425,15180
68425,15248
68425,15317
68425,15673
68425,68147
68425,68152
68425,68686
68432,68207
68432,68266
68432,68468
68432,68669
68432,68684
68444,68001
68444,68169
68444,68615
68444,68780
68464,68167
68464,68217
68464,68229
68464,68468
68464,68498
68464,68679
68464,68682
68464,68855
68468,15218
68468,68160
68468,68229
68468,68432
68468,68464
68468,68669
68468,68682
68468,68684
68498,68167
68498,68464
68498,68533
68498,68855
68500,68167
68500,68209
68500,68320
68500,68322
68500,68770
68502,15218
68502,15720
68502,15753
68502,15774
68502,15810
68502,15839
68502,68217
68502,68682
68522,68121
68522,68296
68522,68344
68522,68745
68522,68755
68524,68176
68524,68209
68524,68322
68524,68745
68524,68755
68533,68167
68533,68209
68533,68498
68533,68549
68533,68679
68533,68755
68533,68855
68547,68051
68547,68160
68547,68276
68547,68307
68547,68318
68547,68418
68547,68705
68547,68820
68549,68121
68549,68533
68549,68679
68549,68755
68572,15469
68572,15632
68572,15696
68572,68020
68572,68077
68572,68324
68572,68368
68573,5893
68573,68081
68573,68190
68573,68385
68573,68745
68573,68861
68575,5893
68575,13473
68575,13670
68575,13744
68575,20011
68575,20770
68575,68081
68575,68615
68575,68655
68615,20710
68615,20770
68615,54128
68615,68001
68615,68255
68615,68307
68615,68406
68615,68444
68615,68575
68615,68655
68615,68780
68655,68081
68655,68307
68655,68406
68655,68575
68655,68615
68669,68160
68669,68162
68669,68207
68669,68318
68669,68432
68669,68468
68673,15686
68673,68013
68673,68320
68673,68327
68673,68397
68673,68770
68679,68079
68679,68121
68679,68229
68679,68464
68679,68533
68679,68549
68679,68855
68679,68872
68682,68464
68682,68468
68682,68502
68684,15218
68684,68147
68684,68266
68684,68432
68684,68468
68686,68147
68686,68152
68686,68266
68686,68425
68689,68081
68689,68092
68689,68235
68689,68296
68689,68745
68689,68895
68705,54743
68705,68318
68705,68547
68705,68820
68720,68176
68720,68211
68720,68245
68720,68397
68720,68745
68720,68861
68745,68081
68745,68176
68745,68235
68745,68344
68745,68522
68745,68524
68745,68573
68745,68689
68745,68720
68745,68755
68745,68861
68755,68121
68755,68209
68755,68522
68755,68524
68755,68533
68755,68549
68755,68745
68770,15185
68770,15686
68770,68167
68770,68298
68770,68320
68770,68500
68770,68673
68773,68101
68773,68250
68773,68324
68773,68368
68773,68377
68780,54051
68780,54128
68780,54223
68780,68132
68780,68169
68780,68255
68780,68444
68780,68615
68820,54743
68820,68001
68820,68169
68820,68276
68820,68547
68820,68705
68855,68464
68855,68498
68855,68533
68855,68679
68861,68077
68861,68101
68861,68179
68861,68324
68861,68327
68861,68385
68861,68397
68861,68573
68861,68720
68861,68745
68867,54223
68867,54480
68867,54743
68867,68132
68867,68169
68872,68079
68872,68229
68872,68370
68872,68418
68872,68679
68872,68895
68895,68079
68895,68092
68895,68296
68895,68307
68895,68418
68895,68689
68895,68872
70001,23670
70001,70215
70001,70473
70001,70523
70001,70670
70001,70820
70001,70823
70110,13212
70110,70235
70110,70717
70110,70742
70124,23182
70124,70400
70124,70678
70124,70708
70204,70230
70204,70418
70204,70473
70204,70713
70204,70823
70215,70001
70215,70418
70215,70473
70215,70670
70215,70702
70215,70742
70230,13244
70230,70204
70230,70418
70230,70508
70235,70110
70235,70678
70235,70742
70265,13006
70265,23068
70265,70429
70400,23182
70400,23660
70400,70124
70400,70708
70418,70204
70418,70215
70418,70230
70418,70473
70418,70508
70418,70702
70418,70717
70418,70742
70429,13006
70429,23068
70429,70265
70429,70678
70429,70771
70473,70001
70473,70204
70473,70215
70473,70418
70473,70823
70508,13212
70508,13244
70508,70230
70508,70418
70508,70717
70523,23464
70523,23586
70523,23670
70523,70001
70523,70820
70670,23182
70670,23670
70670,70001
70670,70215
70678,23068
70678,23182
70678,70124
70678,70235
70678,70429
70678,70708
70678,70771
70702,70215
70702,70418
70702,70742
70708,23068
70708,23570
70708,23660
70708,70124
70708,70400
70708,70678
70713,13001
70713,13052
70713,13244
70713,13442
70713,70204
70713,70820
70713,70823
70717,13212
70717,70110
70717,70418
70717,70508
70717,70742
70742,70110
70742,70215
70742,70235
70742,70418
70742,70702
70742,70717
70771,13006
70771,70429
70771,70678
70820,70001
70820,70523
70820,70713
70820,70823
70823,70001
70823,70204
70823,70473
70823,70713
70823,70820
73001,63690
73001,73026
73001,73043
73001,73124
73001,73200
73001,73547
73001,73624
73001,73678
73024,41078
73024,41206
73024,41872
73024,73236
73024,73483
73026,73001
73026,73043
73026,73547
73026,73861
73030,25086
73030,25662
73030,73055
73030,73408
73030,73861
73043,63690
73043,73001
73043,73026
73043,73686
73043,73861
73055,25168
73055,25320
73055,25662
73055,73030
73055,73270
73055,73349
73055,73408
73055,73411
73055,73443
73055,73870
73067,41001
73067,41016
73067,73168
73067,73217
73067,73483
73067,73555
73067,73616
73124,63130
73124,63212
73124,63548
73124,63690
73124,73001
73124,73622
73124,73624
73148,25612
73148,73226
73148,73449
73148,73770
73152,17873
73152,73270
73152,73283
73152,73347
73152,73870
73168,73067
73168,73217
73168,73504
73168,73616
73168,73622
73168,73675
73168,76111
73168,76736
73200,25307
73200,25324
73200,25483
73200,73001
73200,73268
73200,73275
73200,73547
73200,73678
73217,73067
73217,73168
73217,73483
73217,73504
73217,73563
73217,73585
73217,73671
73226,73148
73226,73352
73226,73449
73226,73585
73226,73770
73226,73873
73236,41206
73236,73024
73236,73483
73236,73563
73236,73873
73268,73200
73268,73275
73268,73319
73268,73678
73268,73770
73270,73055
73270,73152
73270,73283
73270,73443
73270,73870
73275,25307
73275,25612
73275,73200
73275,73268
73275,73770
73283,17433
73283,17444
73283,73152
73283,73270
73283,73347
73283,73443
73319,73268
73319,73585
73319,73671
73319,73678
73319,73770
73347,17001
73347,17433
73347,17446
73347,17873
73347,73152
73347,73283
73349,17380
73349,17867
73349,25320
73349,73055
73349,73443
73352,25053
73352,25120
73352,25290
73352,25524
73352,25805
73352,73226
73352,73449
73352,73873
73408,73030
73408,73055
73408,73411
73408,73861
73411,73055
73411,73408
73411,73461
73411,73686
73411,73870
73443,17444
73443,17867
73443,73055
73443,73270
73443,73283
73443,73349
73449,25488
73449,25612
73449,73148
73449,73226
73449,73352
73461,17873
73461,73411
73461,73686
73461,73870
73483,41016
73483,41872
73483,73024
73483,73067
73483,73217
73483,73236
73483,73563
73504,73168
73504,73217
73504,73624
73504,73671
73504,73675
73504,73678
73504,73854
73547,25086
73547,25324
73547,73001
73547,73026
73547,73200
73547,73861
73555,19212
73555,19455
73555,19517
73555,19821
73555,41001
73555,41357
73555,41676
73555,73067
73555,73616
73563,73217
73563,73236
73563,73483
73563,73585
73563,73873
73585,73217
73585,73226
73585,73319
73585,73563
73585,73671
73585,73770
73585,73873
73616,19455
73616,73067
73616,73168
73616,73555
73616,76111
73616,76248
73616,76275
73616,76520
73616,76563
73622,63302
73622,63548
73622,73124
73622,73168
73622,73624
73622,73675
73622,76736
73624,73001
73624,73124
73624,73504
73624,73622
73624,73675
73624,73678
73624,73854
73671,73217
73671,73319
73671,73504
73671,73585
73671,73678
73675,73168
73675,73504
73675,73622
73675,73624
73678,73001
73678,73200
73678,73268
73678,73319
73678,73504
73678,73624
73678,73671
73678,73854
73686,63690
73686,66001
73686,73043
73686,73411
73686,73461
73686,73861
73770,25612
73770,73148
73770,73226
73770,73268
73770,73275
73770,73319
73770,73585
73854,73504
73854,73624
73854,73678
73861,25086
73861,73026
73861,73030
73861,73043
73861,73408
73861,73547
73861,73686
73870,17873
73870,73055
73870,73152
73870,73270
73870,73411
73870,73461
73873,25120
73873,73226
73873,73236
73873,73352
73873,73563
73873,73585
76001,19573
76001,76109
76001,76130
76001,76233
76001,76364
76001,76377
76001,76520
76001,76892
76020,63272
76020,63594
76020,76147
76020,76845
76036,76113
76036,76616
76036,76828
76036,76834
76041,66001
76041,66075
76041,76054
76041,76147
76041,76243
76041,76246
76041,76823
76054,76041
76054,76246
76054,76823
76054,76863
76100,27250
76100,27745
76100,76113
76100,76250
76100,76622
76100,76828
76100,76895
76109,19110
76109,19418
76109,27250
76109,76001
76109,76126
76109,76233
76109,76364
76111,73168
76111,73616
76111,76248
76111,76306
76111,76318
76111,76670
76111,76736
76111,76834
76111,76890
76113,76036
76113,76100
76113,76736
76113,76828
76113,76834
76113,76895
76122,63130
76122,63302
76122,63401
76122,63548
76122,76736
76126,27250
76126,76109
76126,76233
76126,76377
76126,76606
76126,76616
76126,76890
76130,19455
76130,19573
76130,76001
76130,76275
76130,76520
76130,76563
76147,63594
76147,66001
76147,76020
76147,76041
76147,76497
76147,76823
76147,76845
76233,76001
76233,76109
76233,76126
76233,76377
76243,27491
76243,27660
76243,66075
76243,66383
76243,76041
76246,27660
76246,27745
76246,76041
76246,76054
76246,76863
76248,73616
76248,76111
76248,76306
76248,76318
76248,76520
76248,76869
76248,76890
76250,27745
76250,76100
76250,76400
76250,76622
76250,76863
76275,19455
76275,73616
76275,76130
76275,76563
76306,76111
76306,76248
76306,76318
76318,76111
76318,76248
76318,76306
76318,76890
76364,19110
76364,19573
76364,19698
76364,76001
76364,76109
76377,76001
76377,76126
76377,76233
76377,76606
76377,76869
76377,76892
76400,76250
76400,76403
76400,76497
76400,76622
76400,76823
76400,76863
76403,63401
76403,63470
76403,76400
76403,76497
76403,76895
76497,63470
76497,63594
76497,76147
76497,76400
76497,76403
76497,76823
76520,73616
76520,76001
76520,76130
76520,76248
76520,76563
76520,76892
76563,73616
76563,76130
76563,76275
76563,76520
76606,76126
76606,76377
76606,76869
76606,76890
76616,27250
76616,76036
76616,76126
76616,76828
76616,76834
76616,76890
76622,76100
76622,76250
76622,76400
76622,76895
76670,76111
76670,76834
76670,76890
76736,63302
76736,63401
76736,73168
76736,73622
76736,76111
76736,76113
76736,76122
76736,76834
76736,76895
76823,76041
76823,76054
76823,76147
76823,76400
76823,76497
76823,76863
76828,27250
76828,76036
76828,76100
76828,76113
76828,76616
76834,76036
76834,76111
76834,76113
76834,76616
76834,76670
76834,76736
76834,76890
76845,63272
76845,66001
76845,76020
76845,76147
76863,27745
76863,76054
76863,76246
76863,76250
76863,76400
76863,76823
76869,76248
76869,76377
76869,76606
76869,76890
76869,76892
76890,76111
76890,76126
76890,76248
76890,76318
76890,76606
76890,76616
76890,76670
76890,76834
76890,76869
76892,76001
76892,76377
76892,76520
76892,76869
76895,63401
76895,76100
76895,76113
76895,76403
76895,76622
76895,76736
81001,81065
81001,81220
81001,81591
81065,81001
81065,81300
81065,81591
81065,81736
81065,81794
81220,81001
81220,81591
81220,85125
81300,15332
81300,81065
81300,81736
81300,81794
81591,81001
81591,81065
81591,81220
81591,81794
81591,85125
81736,15223
81736,81065
81736,81300
81794,15244
81794,15332
81794,81065
81794,81300
81794,81591
81794,85125
81794,85136
81794,85315
85001,15377
85001,15533
85001,85010
85001,85139
85001,85225
85001,85230
85001,85325
85010,15518
85010,85001
85010,85139
85010,85279
85010,85410
85015,15047
85015,15514
85015,85279
85015,85410
85125,81220
85125,81591
85125,81794
85125,85250
85125,85315
85136,15183
85136,15244
85136,81794
85136,85315
85139,50568
85139,50573
85139,85001
85139,85010
85139,85230
85139,85410
85162,15514
85162,85300
85162,85410
85162,85440
85225,15533
85225,85001
85225,85263
85225,85325
85225,85400
85230,50568
85230,50573
85230,85001
85230,85139
85230,85325
85250,85125
85250,85263
85250,85400
85250,85430
85263,85225
85263,85250
85263,85325
85263,85400
85263,85430
85279,15518
85279,85010
85279,85015
85279,85410
85300,15135
85300,15514
85300,15667
85300,25530
85300,50110
85300,85162
85300,85440
85315,15183
85315,81794
85315,85125
85315,85136
85315,85400
85325,85001
85325,85225
85325,85230
85325,85263
85325,85430
85400,15183
85400,15533
85400,15550
85400,15755
85400,85225
85400,85250
85400,85263
85400,85315
85410,15514
85410,50573
85410,85010
85410,85015
85410,85139
85410,85162
85410,85279
85410,85440
85430,85250
85430,85263
85430,85325
85440,50110
85440,50124
85440,50573
85440,85162
85440,85300
85440,85410
86001,19701
86001,52258
86001,52378
86001,86569
86001,86571
86001,86755
86001,86760
86001,86885
86219,52110
86219,52258
86219,86749
86219,86760
86320,52001
86320,52215
86320,52287
86320,52356
86320,52573
86320,86568
86320,86569
86320,86865
86320,86885
86568,86320
86568,86569
86568,86571
86568,86573
86568,86865
86569,86001
86569,86320
86569,86568
86569,86571
86569,86885
86571,18205
86571,86001
86571,86568
86571,86569
86571,86573
86573,86568
86573,86571
86749,86219
86749,86755
86755,52258
86755,86001
86755,86749
86755,86760
86760,52001
86760,52110
86760,86001
86760,86219
86760,86755
86760,86885
86865,52356
86865,86320
86865,86568
86885,52001
86885,86001
86885,86320
86885,86569
86885,86760
